[
  {
    "name": "Vuk",
    "img": "https://images.unsplash.com/photo-1560809451-9e77c2e8214a?ixlib=rb-4.0.3&ixid=MnwxMjA3fDB8MHxwaG90by1wYWdlfHx8fGVufDB8fHx8&auto=format&fit=crop&w=100&h=100&q=80"
  },
  {
    "name": "Róka Úr",
    "img": "https://images.unsplash.com/photo-1516934024742-b461fba47600?ixlib=rb-4.0.3&ixid=MnwxMjA3fDB8MHxwaG90by1wYWdlfHx8fGVufDB8fHx8&auto=format&fit=crop&w=100&h=100&q=40"
  },
  {
    "name": "Róka Koma",
    "img": "https://images.unsplash.com/photo-1605101479435-005f9c563944?ixlib=rb-4.0.3&ixid=MnwxMjA3fDB8MHxwaG90by1wYWdlfHx8fGVufDB8fHx8&auto=format&fit=crop&w=100&h=100&q=80"
  },
  {
    "name": "Karak",
    "img": "https://images.unsplash.com/photo-1578170681526-de18d598a5b8?ixlib=rb-4.0.3&ixid=MnwxMjA3fDB8MHxwaG90by1wYWdlfHx8fGVufDB8fHx8&auto=format&fit=crop&w=100&h=100&q=80"
  }
]
